time,x,y,z
0,0,0,0
1,0.1,0.2,0.3
2,0.2,0.4,0.6
3,0.30000000000000004,0.6000000000000001,0.8999999999999999
4,0.4,0.8,1.2
5,0.5,1.0,1.5
6,0.6,1.2,1.8
7,0.7,1.4,2.1
8,0.7999999999999999,1.5999999999999999,2.4
9,0.8999999999999999,1.7999999999999998,2.6999999999999997
10,0.9999999999999999,1.9999999999999998,2.9999999999999996
11,1.0999999999999999,2.1999999999999997,3.2999999999999994
